{
  "time_categories": [
    "day",
    "evening",
    "night"
  ],
  "coef": [
    1.6227173649809203,
    -0.1077788756173198,
    -1.510968205675907,
    -3.395176866602965,
    -2.9659304988432016,
    -4.149225788913133,
    -0.928631205030468,
    -0.5810731605949113
  ],
  "intercept": 10.00120833062103
}